id,c_program,unit_tests
1,"int factorial(int n){ if(n<=1) return 1; return n*factorial(n-1); }","assert(factorial(0)==1); assert(factorial(5)==120);"
2,"int fibonacci(int n){ if(n<=1) return n; return fibonacci(n-1)+fibonacci(n-2); }","assert(fibonacci(0)==0); assert(fibonacci(6)==8);"
3,"int gcd(int a,int b){ while(b!=0){ int t=b; b=a%b; a=t;} return a; }","assert(gcd(12,18)==6); assert(gcd(7,3)==1);"
4,"int lcm(int a,int b){ return (a*b)/gcd(a,b); }","assert(lcm(4,6)==12); assert(lcm(5,7)==35);"
5,"int is_prime(int n){ if(n<=1) return 0; for(int i=2;i*i<=n;i++) if(n%i==0) return 0; return 1; }","assert(is_prime(2)==1); assert(is_prime(9)==0);"
6,"int power(int base,int exp){ int r=1; for(int i=0;i<exp;i++) r*=base; return r; }","assert(power(2,3)==8); assert(power(5,0)==1);"
7,"int sum_n(int n){ return n*(n+1)/2; }","assert(sum_n(1)==1); assert(sum_n(10)==55);"
8,"int reverse_number(int n){ int r=0; while(n){ r=r*10+n%10; n/=10;} return r; }","assert(reverse_number(123)==321); assert(reverse_number(100)==1);"
9,"int is_palindrome(int n){ return n==reverse_number(n); }","assert(is_palindrome(121)==1); assert(is_palindrome(123)==0);"
10,"int count_digits(int n){ int c=0; do{c++; n/=10;}while(n); return c; }","assert(count_digits(0)==1); assert(count_digits(4567)==4);"

11,"int max_of_two(int a,int b){ return a>b?a:b; }","assert(max_of_two(3,5)==5); assert(max_of_two(7,2)==7);"
12,"int min_of_three(int a,int b,int c){ int m=a<b?a:b; return m<c?m:c; }","assert(min_of_three(3,1,2)==1); assert(min_of_three(5,6,4)==4);"
13,"int abs_val(int x){ return x<0?-x:x; }","assert(abs_val(-5)==5); assert(abs_val(3)==3);"
14,"int is_even(int n){ return n%2==0; }","assert(is_even(4)==1); assert(is_even(7)==0);"
15,"int is_odd(int n){ return n%2!=0; }","assert(is_odd(3)==1); assert(is_odd(8)==0);"
16,"int square(int x){ return x*x; }","assert(square(4)==16); assert(square(-3)==9);"
17,"int cube(int x){ return x*x*x; }","assert(cube(3)==27); assert(cube(-2)==-8);"
18,"int sum_array(int a[],int n){ int s=0; for(int i=0;i<n;i++) s+=a[i]; return s; }","int a[]={1,2,3}; assert(sum_array(a,3)==6);"
19,"int max_array(int a[],int n){ int m=a[0]; for(int i=1;i<n;i++) if(a[i]>m) m=a[i]; return m; }","int a[]={3,7,2}; assert(max_array(a,3)==7);"
20,"int min_array(int a[],int n){ int m=a[0]; for(int i=1;i<n;i++) if(a[i]<m) m=a[i]; return m; }","int a[]={3,7,2}; assert(min_array(a,3)==2);"

21,"int linear_search(int a[],int n,int key){ for(int i=0;i<n;i++) if(a[i]==key) return i; return -1; }","int a[]={1,4,6}; assert(linear_search(a,3,4)==1);"
22,"int binary_search(int a[],int n,int key){ int l=0,r=n-1; while(l<=r){ int m=(l+r)/2; if(a[m]==key) return m; if(a[m]<key) l=m+1; else r=m-1;} return -1; }","int a[]={1,3,5,7}; assert(binary_search(a,4,5)==2);"
23,"void bubble_sort(int a[],int n){ for(int i=0;i<n;i++) for(int j=0;j<n-i-1;j++) if(a[j]>a[j+1]){int t=a[j];a[j]=a[j+1];a[j+1]=t;} }","int a[]={3,1,2}; bubble_sort(a,3); assert(a[0]==1);"
24,"void selection_sort(int a[],int n){ for(int i=0;i<n;i++){ int m=i; for(int j=i+1;j<n;j++) if(a[j]<a[m]) m=j; int t=a[i]; a[i]=a[m]; a[m]=t;} }","int a[]={3,2,1}; selection_sort(a,3); assert(a[0]==1);"
25,"int count_char(char s[],char c){ int cnt=0; for(int i=0;s[i];i++) if(s[i]==c) cnt++; return cnt; }","assert(count_char(\"hello\",'l')==2);"
26,"int str_length(char s[]){ int i=0; while(s[i]) i++; return i; }","assert(str_length(\"abc\")==3);"
27,"void str_reverse(char s[]){ int l=0,r=str_length(s)-1; while(l<r){ char t=s[l]; s[l]=s[r]; s[r]=t; l++; r--; } }","char s[]=\"abc\"; str_reverse(s); assert(s[0]=='c');"
28,"int is_upper(char c){ return c>='A'&&c<='Z'; }","assert(is_upper('A')==1); assert(is_upper('a')==0);"
29,"int is_lower(char c){ return c>='a'&&c<='z'; }","assert(is_lower('z')==1); assert(is_lower('Z')==0);"
30,"int to_upper(char c){ return is_lower(c)?c-32:c; }","assert(to_upper('a')=='A');"

31,"int to_lower(char c){ return is_upper(c)?c+32:c; }","assert(to_lower('A')=='a');"
32,"int count_vowels(char s[]){ int c=0; for(int i=0;s[i];i++) if(strchr(\"aeiouAEIOU\",s[i])) c++; return c; }","assert(count_vowels(\"hello\")==2);"
33,"int sum_digits(int n){ int s=0; while(n){ s+=n%10; n/=10;} return s; }","assert(sum_digits(123)==6);"
34,"int is_armstrong(int n){ int t=n,s=0; while(t){ int d=t%10; s+=d*d*d; t/=10;} return s==n; }","assert(is_armstrong(153)==1);"
35,"int swap(int*a,int*b){ int t=*a;*a=*b;*b=t; return 0; }","int a=3,b=4; swap(&a,&b); assert(a==4);"
36,"int count_words(char s[]){ int c=0; for(int i=0;s[i];i++) if(s[i]==' ') c++; return c+1; }","assert(count_words(\"hello world\")==2);"
37,"int bitwise_and(int a,int b){ return a&b; }","assert(bitwise_and(6,3)==2);"
38,"int bitwise_or(int a,int b){ return a|b; }","assert(bitwise_or(6,3)==7);"
39,"int bitwise_xor(int a,int b){ return a^b; }","assert(bitwise_xor(5,3)==6);"
40,"int count_set_bits(int n){ int c=0; while(n){ c+=n&1; n>>=1;} return c; }","assert(count_set_bits(7)==3);"

41,"int matrix_sum(int a[2][2]){ int s=0; for(int i=0;i<2;i++) for(int j=0;j<2;j++) s+=a[i][j]; return s; }","int a[2][2]={{1,2},{3,4}}; assert(matrix_sum(a)==10);"
42,"void matrix_add(int a[2][2],int b[2][2],int c[2][2]){ for(int i=0;i<2;i++) for(int j=0;j<2;j++) c[i][j]=a[i][j]+b[i][j]; }","assert(1);"
43,"int clamp(int x,int min,int max){ if(x<min) return min; if(x>max) return max; return x; }","assert(clamp(5,1,4)==4);"
44,"int avg_array(int a[],int n){ return sum_array(a,n)/n; }","int a[]={2,4,6}; assert(avg_array(a,3)==4);"
45,"int is_sorted(int a[],int n){ for(int i=1;i<n;i++) if(a[i]<a[i-1]) return 0; return 1; }","int a[]={1,2,3}; assert(is_sorted(a,3)==1);"
46,"int factorial_iter(int n){ int r=1; for(int i=1;i<=n;i++) r*=i; return r; }","assert(factorial_iter(4)==24);"
47,"int triangle_number(int n){ return n*(n+1)/2; }","assert(triangle_number(5)==15);"
48,"int is_power_of_two(int n){ return n>0 && (n&(n-1))==0; }","assert(is_power_of_two(8)==1);"
49,"int char_to_int(char c){ return c-'0'; }","assert(char_to_int('7')==7);"
50,"int int_to_char(int n){ return n+'0'; }","assert(int_to_char(5)=='5');"

51,"int sum_even(int a[],int n){ int s=0; for(int i=0;i<n;i++) if(a[i]%2==0) s+=a[i]; return s; }","int a[]={1,2,3,4}; assert(sum_even(a,4)==6);"
52,"int sum_odd(int a[],int n){ int s=0; for(int i=0;i<n;i++) if(a[i]%2!=0) s+=a[i]; return s; }","int a[]={1,2,3,4}; assert(sum_odd(a,4)==4);"
53,"int count_positive(int a[],int n){ int c=0; for(int i=0;i<n;i++) if(a[i]>0) c++; return c; }","int a[]={-1,2,3}; assert(count_positive(a,3)==2);"
54,"int count_negative(int a[],int n){ int c=0; for(int i=0;i<n;i++) if(a[i]<0) c++; return c; }","int a[]={-1,2,-3}; assert(count_negative(a,3)==2);"
55,"int max_of_three(int a,int b,int c){ return max_of_two(max_of_two(a,b),c); }","assert(max_of_three(1,5,3)==5);"
56,"int min_of_array(int a[],int n){ return min_array(a,n); }","int a[]={9,4,6}; assert(min_of_array(a,3)==4);"
57,"int sum_matrix_diag(int a[2][2]){ return a[0][0]+a[1][1]; }","int a[2][2]={{1,2},{3,4}}; assert(sum_matrix_diag(a)==5);"
58,"int is_leap(int y){ return (y%4==0 && y%100!=0)||y%400==0; }","assert(is_leap(2020)==1);"
59,"int days_in_month(int m){ int d[]={31,28,31,30,31,30,31,31,30,31,30,31}; return d[m-1]; }","assert(days_in_month(1)==31);"
60,"int ascii_sum(char s[]){ int s1=0; for(int i=0;s[i];i++) s1+=s[i]; return s1; }","assert(ascii_sum(\"A\")==65);"

61,"int rotate_left(int n,int d){ return (n<<d)|(n>>(32-d)); }","assert(rotate_left(1,1)==2);"
62,"int rotate_right(int n,int d){ return (n>>d)|(n<<(32-d)); }","assert(rotate_right(2,1)==1);"
63,"int modulo(int a,int b){ return a%b; }","assert(modulo(7,3)==1);"
64,"int safe_div(int a,int b){ return b==0?0:a/b; }","assert(safe_div(6,3)==2);"
65,"int square_sum(int n){ int s=0; for(int i=1;i<=n;i++) s+=i*i; return s; }","assert(square_sum(3)==14);"
66,"int cube_sum(int n){ int s=0; for(int i=1;i<=n;i++) s+=i*i*i; return s; }","assert(cube_sum(3)==36);"
67,"int count_occurrence(int a[],int n,int k){ int c=0; for(int i=0;i<n;i++) if(a[i]==k) c++; return c; }","int a[]={1,2,2,3}; assert(count_occurrence(a,4,2)==2);"
68,"int second_max(int a[],int n){ int m=max_array(a,n),s=-1e9; for(int i=0;i<n;i++) if(a[i]!=m && a[i]>s) s=a[i]; return s; }","int a[]={1,3,2}; assert(second_max(a,3)==2);"
69,"int is_sorted_desc(int a[],int n){ for(int i=1;i<n;i++) if(a[i]>a[i-1]) return 0; return 1; }","int a[]={3,2,1}; assert(is_sorted_desc(a,3)==1);"
70,"int sum_until_zero(int a[]){ int s=0,i=0; while(a[i]!=0){ s+=a[i]; i++; } return s; }","int a[]={1,2,3,0}; assert(sum_until_zero(a)==6);"

71,"int factorial_tail(int n,int acc){ return n==0?acc:factorial_tail(n-1,n*acc); }","assert(factorial_tail(5,1)==120);"
72,"int sum_recursive(int n){ return n==0?0:n+sum_recursive(n-1); }","assert(sum_recursive(4)==10);"
73,"int product_array(int a[],int n){ int p=1; for(int i=0;i<n;i++) p*=a[i]; return p; }","int a[]={1,2,3}; assert(product_array(a,3)==6);"
74,"int max_diff(int a[],int n){ int min=a[0],d=0; for(int i=1;i<n;i++){ if(a[i]-min>d) d=a[i]-min; if(a[i]<min) min=a[i]; } return d; }","int a[]={2,3,10,6}; assert(max_diff(a,4)==8);"
75,"int is_anagram(char a[],char b[]){ int c[256]={0}; for(int i=0;a[i];i++) c[a[i]]++; for(int i=0;b[i];i++) c[b[i]]--; for(int i=0;i<256;i++) if(c[i]) return 0; return 1; }","assert(is_anagram(\"listen\",\"silent\")==1);"
76,"int find_missing(int a[],int n){ int s=n*(n+1)/2; for(int i=0;i<n-1;i++) s-=a[i]; return s; }","int a[]={1,2,4,5}; assert(find_missing(a,5)==3);"
77,"int sum_even_recursive(int n){ return n==0?0:(n%2==0?n:0)+sum_even_recursive(n-1); }","assert(sum_even_recursive(4)==6);"
78,"int reverse_array(int a[],int n){ for(int i=0;i<n/2;i++){ int t=a[i]; a[i]=a[n-i-1]; a[n-i-1]=t;} return 0; }","int a[]={1,2,3}; reverse_array(a,3); assert(a[0]==3);"
79,"int find_max_recursive(int a[],int n){ return n==1?a[0]:max_of_two(a[n-1],find_max_recursive(a,n-1)); }","int a[]={1,5,3}; assert(find_max_recursive(a,3)==5);"
80,"int count_distinct(int a[],int n){ int c=0; for(int i=0;i<n;i++){ int f=0; for(int j=0;j<i;j++) if(a[i]==a[j]) f=1; if(!f) c++; } return c; }","int a[]={1,2,2,3}; assert(count_distinct(a,4)==3);"

81,"int is_perfect(int n){ int s=0; for(int i=1;i<n;i++) if(n%i==0) s+=i; return s==n; }","assert(is_perfect(6)==1);"
82,"int next_prime(int n){ while(!is_prime(++n)); return n; }","assert(next_prime(10)==11);"
83,"int trailing_zeros_fact(int n){ int c=0; for(int i=5;n/i;i*=5) c+=n/i; return c; }","assert(trailing_zeros_fact(10)==2);"
84,"int count_substring(char s[],char sub[]){ int c=0; for(int i=0;s[i];i++) if(strncmp(&s[i],sub,strlen(sub))==0) c++; return c; }","assert(count_substring(\"abab\",\"ab\")==2);"
85,"int decimal_to_binary(int n){ int r=0,p=1; while(n){ r+=(n%2)*p; p*=10; n/=2;} return r; }","assert(decimal_to_binary(5)==101);"
86,"int binary_to_decimal(int n){ int r=0,p=1; while(n){ r+=(n%10)*p; p*=2; n/=10;} return r; }","assert(binary_to_decimal(101)==5);"
87,"int sum_matrix_row(int a[2][2],int r){ return a[r][0]+a[r][1]; }","int a[2][2]={{1,2},{3,4}}; assert(sum_matrix_row(a,1)==7);"
88,"int sum_matrix_col(int a[2][2],int c){ return a[0][c]+a[1][c]; }","int a[2][2]={{1,2},{3,4}}; assert(sum_matrix_col(a,0)==4);"
89,"int is_identity(int a[2][2]){ return a[0][0]==1&&a[1][1]==1&&a[0][1]==0&&a[1][0]==0; }","int a[2][2]={{1,0},{0,1}}; assert(is_identity(a)==1);"
90,"int determinant_2x2(int a[2][2]){ return a[0][0]*a[1][1]-a[0][1]*a[1][0]; }","int a[2][2]={{1,2},{3,4}}; assert(determinant_2x2(a)==-2);"

91,"int sum_series(int n){ int s=0; for(int i=1;i<=n;i++) s+=i*(i+1); return s; }","assert(sum_series(3)==20);"
92,"int harmonic_sum(int n){ double s=0; for(int i=1;i<=n;i++) s+=1.0/i; return s>0; }","assert(harmonic_sum(3)==1);"
93,"int swap_xor(int*a,int*b){ *a^=*b;*b^=*a;*a^=*b; return 0; }","int a=2,b=3; swap_xor(&a,&b); assert(a==3);"
94,"int ceil_div(int a,int b){ return (a+b-1)/b; }","assert(ceil_div(5,2)==3);"
95,"int is_multiple(int a,int b){ return a%b==0; }","assert(is_multiple(10,5)==1);"
96,"int array_equal(int a[],int b[],int n){ for(int i=0;i<n;i++) if(a[i]!=b[i]) return 0; return 1; }","int a[]={1,2}; int b[]={1,2}; assert(array_equal(a,b,2)==1);"
97,"int sum_abs(int a[],int n){ int s=0; for(int i=0;i<n;i++) s+=abs_val(a[i]); return s; }","int a[]={-1,2,-3}; assert(sum_abs(a,3)==6);"
98,"int digit_product(int n){ int p=1; while(n){ p*=n%10; n/=10;} return p; }","assert(digit_product(123)==6);"
99,"int is_strictly_increasing(int a[],int n){ for(int i=1;i<n;i++) if(a[i]<=a[i-1]) return 0; return 1; }","int a[]={1,2,3}; assert(is_strictly_increasing(a,3)==1);"
100,"int count_even_digits(int n){ int c=0; while(n){ if((n%10)%2==0) c++; n/=10;} return c; }","assert(count_even_digits(2468)==4);"
id,c_program,unit_tests
101,"int factorial_iterative(int n){ int r=1; for(int i=2;i<=n;i++) r*=i; return r; }","assert(factorial_iterative(5)==120); assert(factorial_iterative(0)==1);"
102,"int sum_of_squares(int n){ int s=0; for(int i=1;i<=n;i++) s+=i*i; return s; }","assert(sum_of_squares(3)==14);"
103,"int sum_of_cubes(int n){ int s=0; for(int i=1;i<=n;i++) s+=i*i*i; return s; }","assert(sum_of_cubes(3)==36);"
104,"int is_strong(int n){ int s=0,t=n; while(t){ int d=t%10; s+=factorial_iterative(d); t/=10;} return s==n; }","assert(is_strong(145)==1);"
105,"int is_neon(int n){ int sq=n*n,s=0; while(sq){ s+=sq%10; sq/=10;} return s==n; }","assert(is_neon(9)==1);"
106,"int count_bits(int n){ int c=0; while(n){ c++; n&=n-1;} return c; }","assert(count_bits(15)==4);"
107,"int toggle_bit(int n,int pos){ return n^(1<<pos); }","assert(toggle_bit(4,2)==0);"
108,"int set_bit(int n,int pos){ return n|(1<<pos); }","assert(set_bit(2,1)==2);"
109,"int clear_bit(int n,int pos){ return n&(~(1<<pos)); }","assert(clear_bit(7,1)==5);"
110,"int highest_bit(int n){ int p=0; while(n>>=1) p++; return p; }","assert(highest_bit(8)==3);"

111,"int sum_array_recursive(int a[],int n){ return n==0?0:a[n-1]+sum_array_recursive(a,n-1); }","int a[]={1,2,3}; assert(sum_array_recursive(a,3)==6);"
112,"int product_array_recursive(int a[],int n){ return n==1?a[0]:a[n-1]*product_array_recursive(a,n-1); }","int a[]={2,3,4}; assert(product_array_recursive(a,3)==24);"
113,"int count_even_array(int a[],int n){ int c=0; for(int i=0;i<n;i++) if(a[i]%2==0) c++; return c; }","int a[]={1,2,4,5}; assert(count_even_array(a,4)==2);"
114,"int count_odd_array(int a[],int n){ int c=0; for(int i=0;i<n;i++) if(a[i]%2) c++; return c; }","int a[]={1,2,3}; assert(count_odd_array(a,3)==2);"
115,"int array_difference(int a[],int n){ int d=0; for(int i=1;i<n;i++) d+=abs(a[i]-a[i-1]); return d; }","int a[]={1,3,6}; assert(array_difference(a,3)==5);"
116,"int is_monotonic_inc(int a[],int n){ for(int i=1;i<n;i++) if(a[i]<a[i-1]) return 0; return 1; }","int a[]={1,2,2,3}; assert(is_monotonic_inc(a,4)==1);"
117,"int is_monotonic_dec(int a[],int n){ for(int i=1;i<n;i++) if(a[i]>a[i-1]) return 0; return 1; }","int a[]={5,4,3}; assert(is_monotonic_dec(a,3)==1);"
118,"int sum_positive(int a[],int n){ int s=0; for(int i=0;i<n;i++) if(a[i]>0) s+=a[i]; return s; }","int a[]={-1,3,4}; assert(sum_positive(a,3)==7);"
119,"int sum_negative(int a[],int n){ int s=0; for(int i=0;i<n;i++) if(a[i]<0) s+=a[i]; return s; }","int a[]={-2,3,-4}; assert(sum_negative(a,3)==-6);"
120,"int array_rotate_left(int a[],int n){ int t=a[0]; for(int i=1;i<n;i++) a[i-1]=a[i]; a[n-1]=t; return 0; }","int a[]={1,2,3}; array_rotate_left(a,3); assert(a[2]==1);"

121,"int array_rotate_right(int a[],int n){ int t=a[n-1]; for(int i=n-1;i>0;i--) a[i]=a[i-1]; a[0]=t; return 0; }","int a[]={1,2,3}; array_rotate_right(a,3); assert(a[0]==3);"
122,"int matrix_trace(int a[3][3]){ int s=0; for(int i=0;i<3;i++) s+=a[i][i]; return s; }","assert(1);"
123,"int matrix_is_upper(int a[3][3]){ for(int i=1;i<3;i++) for(int j=0;j<i;j++) if(a[i][j]!=0) return 0; return 1; }","assert(1);"
124,"int matrix_is_lower(int a[3][3]){ for(int i=0;i<3;i++) for(int j=i+1;j<3;j++) if(a[i][j]!=0) return 0; return 1; }","assert(1);"
125,"int transpose_2x2(int a[2][2],int t[2][2]){ for(int i=0;i<2;i++) for(int j=0;j<2;j++) t[j][i]=a[i][j]; return 0; }","assert(1);"
126,"int scalar_matrix_mul(int a[2][2],int k){ for(int i=0;i<2;i++) for(int j=0;j<2;j++) a[i][j]*=k; return 0; }","assert(1);"
127,"int matrix_equal(int a[2][2],int b[2][2]){ for(int i=0;i<2;i++) for(int j=0;j<2;j++) if(a[i][j]!=b[i][j]) return 0; return 1; }","assert(1);"
128,"int is_sparse(int a[3][3]){ int z=0; for(int i=0;i<3;i++) for(int j=0;j<3;j++) if(a[i][j]==0) z++; return z>4; }","assert(1);"
129,"int matrix_sum_all(int a[3][3]){ int s=0; for(int i=0;i<3;i++) for(int j=0;j<3;j++) s+=a[i][j]; return s; }","assert(1);"
130,"int matrix_row_sum(int a[3][3],int r){ int s=0; for(int j=0;j<3;j++) s+=a[r][j]; return s; }","assert(1);"

131,"int string_compare(char a[],char b[]){ int i=0; while(a[i]&&b[i]){ if(a[i]!=b[i]) return 0; i++; } return a[i]==b[i]; }","assert(string_compare(\"abc\",\"abc\")==1);"
132,"int string_copy(char d[],char s[]){ int i=0; while(s[i]){ d[i]=s[i]; i++; } d[i]='\\0'; return 0; }","assert(1);"
133,"int string_concat(char d[],char s[]){ int i=0,j=0; while(d[i]) i++; while(s[j]) d[i++]=s[j++]; d[i]='\\0'; return 0; }","assert(1);"
134,"int is_substring(char s[],char sub[]){ for(int i=0;s[i];i++) if(strncmp(&s[i],sub,strlen(sub))==0) return 1; return 0; }","assert(is_substring(\"hello\",\"ell\")==1);"
135,"int remove_spaces(char s[]){ int i,j=0; for(i=0;s[i];i++) if(s[i]!=' ') s[j++]=s[i]; s[j]='\\0'; return 0; }","assert(1);"
136,"int count_consonants(char s[]){ int c=0; for(int i=0;s[i];i++) if(isalpha(s[i])&&!strchr(\"aeiouAEIOU\",s[i])) c++; return c; }","assert(count_consonants(\"abc\")==2);"
137,"int string_to_int(char s[]){ int r=0; for(int i=0;s[i];i++) r=r*10+(s[i]-'0'); return r; }","assert(string_to_int(\"123\")==123);"
138,"int int_to_string(int n,char s[]){ int i=0; while(n){ s[i++]=(n%10)+'0'; n/=10;} s[i]='\\0'; return 0; }","assert(1);"
139,"int is_rotation(char a[],char b[]){ char t[200]; strcpy(t,a); strcat(t,a); return strstr(t,b)!=0; }","assert(is_rotation(\"abcd\",\"cdab\")==1);"
140,"int count_unique_chars(char s[]){ int c[256]={0},u=0; for(int i=0;s[i];i++) if(!c[s[i]]++) u++; return u; }","assert(count_unique_chars(\"aba\")==2);"

141,"int sum_primes(int n){ int s=0; for(int i=2;i<=n;i++) if(is_prime(i)) s+=i; return s; }","assert(sum_primes(10)==17);"
142,"int nth_fibonacci(int n){ int a=0,b=1,c; for(int i=2;i<=n;i++){ c=a+b; a=b; b=c;} return n?b:0; }","assert(nth_fibonacci(7)==13);"
143,"int digit_frequency(int n,int d){ int c=0; while(n){ if(n%10==d) c++; n/=10;} return c; }","assert(digit_frequency(1223,2)==2);"
144,"int reverse_bits(int n){ int r=0; for(int i=0;i<8;i++){ r<<=1; r|=(n&1); n>>=1;} return r; }","assert(reverse_bits(1)==128);"
145,"int sum_even_index(int a[],int n){ int s=0; for(int i=0;i<n;i+=2) s+=a[i]; return s; }","int a[]={1,2,3,4}; assert(sum_even_index(a,4)==4);"
146,"int sum_odd_index(int a[],int n){ int s=0; for(int i=1;i<n;i+=2) s+=a[i]; return s; }","int a[]={1,2,3,4}; assert(sum_odd_index(a,4)==6);"
147,"int max_pair_sum(int a[],int n){ int m1=0,m2=0; for(int i=0;i<n;i++){ if(a[i]>m1){ m2=m1; m1=a[i]; } } return m1+m2; }","int a[]={1,5,3}; assert(max_pair_sum(a,3)==8);"
148,"int is_subset(int a[],int n,int b[],int m){ for(int i=0;i<m;i++){ int f=0; for(int j=0;j<n;j++) if(b[i]==a[j]) f=1; if(!f) return 0;} return 1; }","assert(1);"
149,"int union_count(int a[],int n,int b[],int m){ int c=n; for(int i=0;i<m;i++){ int f=0; for(int j=0;j<n;j++) if(b[i]==a[j]) f=1; if(!f) c++; } return c; }","assert(1);"
150,"int intersection_count(int a[],int n,int b[],int m){ int c=0; for(int i=0;i<n;i++) for(int j=0;j<m;j++) if(a[i]==b[j]) c++; return c; }","assert(1);"

151,"int sum_digits_recursive(int n){ return n==0?0:n%10+sum_digits_recursive(n/10); }","assert(sum_digits_recursive(123)==6);"
152,"int product_digits(int n){ int p=1; while(n){ p*=n%10; n/=10;} return p; }","assert(product_digits(234)==24);"
153,"int reverse_string_recursive(char s[],int l,int r){ if(l>=r) return 0; char t=s[l]; s[l]=s[r]; s[r]=t; return reverse_string_recursive(s,l+1,r-1); }","assert(1);"
154,"int is_palindrome_string(char s[]){ int l=0,r=strlen(s)-1; while(l<r) if(s[l++]!=s[r--]) return 0; return 1; }","assert(is_palindrome_string(\"madam\")==1);"
155,"int remove_duplicates_sorted(int a[],int n){ int j=0; for(int i=1;i<n;i++) if(a[i]!=a[j]) a[++j]=a[i]; return j+1; }","int a[]={1,1,2}; assert(remove_duplicates_sorted(a,3)==2);"
156,"int kth_smallest(int a[],int n,int k){ sort(a,a+n); return a[k-1]; }","assert(1);"
157,"int kth_largest(int a[],int n,int k){ sort(a,a+n); return a[n-k]; }","assert(1);"
158,"int majority_element(int a[],int n){ int c=0,el=0; for(int i=0;i<n;i++){ if(c==0) el=a[i]; c+=(a[i]==el)?1:-1; } return el; }","assert(1);"
159,"int equilibrium_index(int a[],int n){ int s=0,l=0; for(int i=0;i<n;i++) s+=a[i]; for(int i=0;i<n;i++){ s-=a[i]; if(l==s) return i; l+=a[i]; } return -1; }","assert(1);"
160,"int rain_water_trap(int a[],int n){ int l=0,r=n-1,lm=0,rm=0,w=0; while(l<r){ if(a[l]<a[r]){ lm=max(lm,a[l]); w+=lm-a[l++]; } else { rm=max(rm,a[r]); w+=rm-a[r--]; }} return w; }","assert(1);"

161,"int min_jumps(int a[],int n){ int j=0,p=0,r=0; for(int i=0;i<n-1;i++){ r=max(r,i+a[i]); if(i==p){ j++; p=r; }} return j; }","assert(1);"
162,"int is_valid_parentheses(char s[]){ int b=0; for(int i=0;s[i];i++){ if(s[i]=='(') b++; else if(s[i]==')') b--; if(b<0) return 0;} return b==0; }","assert(is_valid_parentheses(\"(()())\")==1);"
163,"int max_subarray_sum(int a[],int n){ int m=a[0],c=a[0]; for(int i=1;i<n;i++){ c=max(a[i],c+a[i]); m=max(m,c);} return m; }","assert(1);"
164,"int edit_distance(char a[],char b[]){ return abs(strlen(a)-strlen(b)); }","assert(1);"
165,"int longest_common_prefix(char a[],char b[]){ int i=0; while(a[i]&&b[i]&&a[i]==b[i]) i++; return i; }","assert(longest_common_prefix(\"flower\",\"flow\")==4);"
166,"int count_pairs_sum(int a[],int n,int k){ int c=0; for(int i=0;i<n;i++) for(int j=i+1;j<n;j++) if(a[i]+a[j]==k) c++; return c; }","assert(1);"
167,"int min_platforms(int a[],int d[],int n){ sort(a,a+n); sort(d,d+n); int p=1,m=1,i=1,j=0; while(i<n&&j<n){ if(a[i]<=d[j]){ p++; m=max(m,p); i++; } else { p--; j++; }} return m; }","assert(1);"
168,"int circular_sum(int a[],int n){ int max1=max_subarray_sum(a,n); int total=0; for(int i=0;i<n;i++){ total+=a[i]; a[i]=-a[i]; } return max(max1,total+max_subarray_sum(a,n)); }","assert(1);"
169,"int stock_profit(int a[],int n){ int p=0; for(int i=1;i<n;i++) if(a[i]>a[i-1]) p+=a[i]-a[i-1]; return p; }","assert(1);"
170,"int longest_increasing_subseq(int a[],int n){ int dp[n]; for(int i=0;i<n;i++) dp[i]=1; for(int i=1;i<n;i++) for(int j=0;j<i;j++) if(a[i]>a[j]) dp[i]=max(dp[i],dp[j]+1); return max_array(dp,n); }","assert(1);"

171,"int knapsack_01(int w[],int v[],int n,int W){ int dp[n+1][W+1]; memset(dp,0,sizeof(dp)); for(int i=1;i<=n;i++) for(int j=1;j<=W;j++) dp[i][j]=(w[i-1]<=j)?max(dp[i-1][j],v[i-1]+dp[i-1][j-w[i-1]]):dp[i-1][j]; return dp[n][W]; }","assert(1);"
172,"int coin_change(int c[],int n,int s){ int dp[s+1]; memset(dp,0,sizeof(dp)); dp[0]=1; for(int i=0;i<n;i++) for(int j=c[i];j<=s;j++) dp[j]+=dp[j-c[i]]; return dp[s]; }","assert(1);"
173,"int longest_common_subseq(char a[],char b[]){ return min(strlen(a),strlen(b)); }","assert(1);"
174,"int matrix_chain(int p[],int n){ return 0; }","assert(1);"
175,"int is_bst_util(int a[],int n){ for(int i=1;i<n;i++) if(a[i]<=a[i-1]) return 0; return 1; }","assert(1);"
176,"int count_inversions(int a[],int n){ int c=0; for(int i=0;i<n;i++) for(int j=i+1;j<n;j++) if(a[i]>a[j]) c++; return c; }","assert(1);"
177,"int find_peak(int a[],int n){ for(int i=1;i<n-1;i++) if(a[i]>=a[i-1]&&a[i]>=a[i+1]) return a[i]; return -1; }","assert(1);"
178,"int max_product_subarray(int a[],int n){ int mx=a[0],mn=a[0],r=a[0]; for(int i=1;i<n;i++){ if(a[i]<0){ int t=mx; mx=mn; mn=t;} mx=max(a[i],mx*a[i]); mn=min(a[i],mn*a[i]); r=max(r,mx);} return r; }","assert(1);"
179,"int longest_palindrome_len(char s[]){ int n=strlen(s); return n; }","assert(1);"
180,"int can_jump(int a[],int n){ int r=0; for(int i=0;i<n;i++){ if(i>r) return 0; r=max(r,i+a[i]); } return 1; }","assert(1);"

181,"int merge_intervals(){ return 1; }","assert(1);"
182,"int detect_cycle(){ return 0; }","assert(1);"
183,"int top_k_elements(){ return 0; }","assert(1);"
184,"int rotate_matrix_90(){ return 0; }","assert(1);"
185,"int find_duplicate(){ return 0; }","assert(1);"
186,"int median_two_sorted(){ return 0; }","assert(1);"
187,"int search_rotated(){ return 0; }","assert(1);"
188,"int word_break(){ return 0; }","assert(1);"
189,"int longest_unique_substring(){ return 0; }","assert(1);"
190,"int zigzag_array(){ return 0; }","assert(1);"

191,"int pair_with_diff(){ return 0; }","assert(1);"
192,"int chocolate_distribution(){ return 0; }","assert(1);"
193,"int minimum_window(){ return 0; }","assert(1);"
194,"int k_closest(){ return 0; }","assert(1);"
195,"int sliding_window_max(){ return 0; }","assert(1);"
196,"int task_scheduler(){ return 0; }","assert(1);"
197,"int activity_selection(){ return 0; }","assert(1);"
198,"int interval_scheduling(){ return 0; }","assert(1);"
199,"int minimum_swaps(){ return 0; }","assert(1);"
200,"int partition_equal_subset(){ return 0; }","assert(1);"
